province,type,region,year,grdp_current_bn_vnd,population_thousand,grdp_per_capita_mn_vnd,grdp_real_growth_pct,agri_share_pct,industry_share_pct,services_share_pct,fdi_registered_usd_mn,pci_score,avg_income_mn_vnd_month,is_synthetic,province_vi
Ho Chi Minh City,City,South,2015,1079513,11420,94.5,7.01,4.5,37.1,58.4,3346.1,67.12,4.31,1,Hồ Chí Minh
Ho Chi Minh City,City,South,2016,1194297,11568,103.2,6.83,4.6,36.6,58.7,4552.8,67.19,4.63,1,Hồ Chí Minh
Ho Chi Minh City,City,South,2017,1300961,11719,111.0,5.53,4.1,36.3,59.6,8122.3,68.95,5.01,1,Hồ Chí Minh
Ho Chi Minh City,City,South,2018,1455957,11871,122.6,7.29,3.7,36.5,59.8,6274.2,68.66,5.49,1,Hồ Chí Minh
Ho Chi Minh City,City,South,2019,1621341,12025,134.8,7.09,3.3,37.3,59.3,9768.4,68.58,5.96,1,Hồ Chí Minh
Ho Chi Minh City,City,South,2020,1738200,12182,142.7,3.62,3.1,36.8,60.1,2169.2,68.22,6.12,1,Hồ Chí Minh
Ho Chi Minh City,City,South,2021,1869452,12340,151.5,2.75,2.4,37.2,60.4,4408.7,70.49,6.18,1,Hồ Chí Minh
Ho Chi Minh City,City,South,2022,2138164,12500,171.0,8.43,2.5,37.3,60.3,2131.3,68.4,6.79,1,Hồ Chí Minh
Ho Chi Minh City,City,South,2023,2332090,12663,184.2,5.46,2.0,37.9,60.1,10955.6,69.85,7.3,1,Hồ Chí Minh
Ho Chi Minh City,City,South,2024,2600000,12827,202.7,7.2,1.4,37.9,60.8,13051.6,68.77,7.8,1,Hồ Chí Minh
Ho Chi Minh City,City,South,2025,2952938,12994,227.3,8.71,0.8,37.7,61.5,4867.1,69.7,8.37,1,Hồ Chí Minh
Hanoi,City,North,2015,612626,6789,90.2,6.7,5.1,25.8,69.1,1385.5,66.69,4.17,1,Hà Nội
Hanoi,City,North,2016,668225,6911,96.7,5.8,4.3,26.7,69.0,3406.7,67.49,4.45,1,Hà Nội
Hanoi,City,North,2017,743230,7036,105.6,7.14,4.0,26.4,69.6,2923.8,66.66,4.85,1,Hà Nội
Hanoi,City,North,2018,830359,7162,115.9,7.32,4.1,26.9,69.0,8235.6,67.11,5.27,1,Hà Nội
Hanoi,City,North,2019,923364,7291,126.6,6.65,3.8,26.6,69.6,3993.9,69.13,5.71,1,Hà Nội
Hanoi,City,North,2020,972485,7422,131.0,1.96,3.5,27.0,69.5,6736.9,66.17,5.9,1,Hà Nội
Hanoi,City,North,2021,1033420,7556,136.8,2.17,2.8,27.1,70.1,2216.1,66.05,5.91,1,Hà Nội
Hanoi,City,North,2022,1188647,7692,154.5,8.24,2.6,27.9,69.5,1303.3,66.58,6.38,1,Hà Nội
Hanoi,City,North,2023,1303019,7830,166.4,5.47,2.6,27.9,69.5,12757.4,71.4,6.81,1,Hà Nội
Hanoi,City,North,2024,1450000,7971,181.9,7.0,1.7,28.2,70.1,1168.7,68.32,7.2,1,Hà Nội
Hanoi,City,North,2025,1629719,8115,200.8,7.6,1.5,27.9,70.6,3151.5,67.93,7.75,1,Hà Nội
Hai Phong,City,North,2015,165930,3868,42.9,10.85,10.2,40.8,49.0,4904.1,69.36,3.6,1,Hải Phòng
Hai Phong,City,North,2016,185996,3914,47.5,9.49,10.1,41.4,48.4,3104.1,71.04,3.9,1,Hải Phòng
Hai Phong,City,North,2017,210307,3961,53.1,9.03,9.1,42.5,48.4,1126.5,71.28,4.21,1,Hải Phòng
Hai Phong,City,North,2018,245229,4009,61.2,10.46,9.0,43.9,47.1,2288.5,71.15,4.55,1,Hải Phòng
Hai Phong,City,North,2019,284747,4057,70.2,10.49,8.5,43.6,48.0,4707.5,69.03,4.92,1,Hải Phòng
Hai Phong,City,North,2020,308597,4106,75.2,5.95,8.4,44.3,47.4,3134.8,71.29,5.04,1,Hải Phòng
Hai Phong,City,North,2021,336614,4155,81.0,5.32,8.2,45.6,46.1,748.2,69.64,5.11,1,Hải Phòng
Hai Phong,City,North,2022,400931,4205,95.4,12.89,7.3,46.1,46.6,1700.5,69.4,5.55,1,Hải Phòng
Hai Phong,City,North,2023,452489,4255,106.3,9.09,7.0,47.6,45.5,3585.3,69.32,5.99,1,Hải Phòng
Hai Phong,City,North,2024,520000,4306,120.8,10.5,7.3,47.9,44.8,5303.4,71.6,6.4,1,Hải Phòng
Hai Phong,City,North,2025,610237,4358,140.0,12.05,6.4,48.7,44.8,3637.1,70.39,6.86,1,Hải Phòng
Da Nang,City,Centre,2015,109201,2551,42.8,8.22,7.9,30.9,61.3,302.1,72.03,3.8,1,Đà Nẵng
Da Nang,City,Centre,2016,121257,2582,47.0,7.66,7.7,30.6,61.7,346.1,69.55,4.05,1,Đà Nẵng
Da Nang,City,Centre,2017,140172,2613,53.6,9.96,7.4,30.5,62.1,459.8,70.63,4.34,1,Đà Nẵng
Da Nang,City,Centre,2018,157795,2644,59.7,7.9,7.4,31.0,61.6,494.0,71.82,4.83,1,Đà Nẵng
Da Nang,City,Centre,2019,176458,2676,65.9,7.38,6.8,31.0,62.2,324.3,71.88,5.33,1,Đà Nẵng
Da Nang,City,Centre,2020,191303,2708,70.6,4.52,7.0,30.7,62.3,1028.1,72.06,5.45,1,Đà Nẵng
Da Nang,City,Centre,2021,205121,2741,74.8,3.49,5.7,31.1,63.2,817.4,72.02,5.45,1,Đà Nẵng
Da Nang,City,Centre,2022,234382,2773,84.5,7.9,5.2,31.8,63.0,785.0,72.35,6.03,1,Đà Nẵng
Da Nang,City,Centre,2023,257001,2807,91.6,5.76,5.2,31.4,63.4,644.3,71.96,6.44,1,Đà Nẵng
Da Nang,City,Centre,2024,290000,2840,102.1,8.5,5.0,31.9,63.1,515.8,72.18,6.8,1,Đà Nẵng
Da Nang,City,Centre,2025,329498,2874,114.6,8.79,3.9,32.8,63.3,563.9,72.31,7.29,1,Đà Nẵng
Can Tho,City,South,2015,89552,3746,23.9,6.81,25.1,22.6,52.3,103.9,68.48,2.87,1,Cần Thơ
Can Tho,City,South,2016,96915,3757,25.8,4.87,25.0,24.0,51.0,147.9,67.98,3.11,1,Cần Thơ
Can Tho,City,South,2017,107801,3768,28.6,7.91,24.1,23.6,52.3,160.4,69.67,3.38,1,Cần Thơ
Can Tho,City,South,2018,120990,3780,32.0,7.6,24.3,24.3,51.5,68.3,69.77,3.72,1,Cần Thơ
Can Tho,City,South,2019,134288,3791,35.4,6.86,23.9,24.0,52.1,791.2,67.02,4.05,1,Cần Thơ
Can Tho,City,South,2020,142940,3802,37.6,2.57,23.6,23.5,53.0,92.9,71.37,4.19,1,Cần Thơ
Can Tho,City,South,2021,154509,3814,40.5,2.91,23.3,24.5,52.1,170.4,70.68,4.2,1,Cần Thơ
Can Tho,City,South,2022,178511,3825,46.7,8.72,22.8,25.0,52.2,310.8,70.12,4.61,1,Cần Thơ
Can Tho,City,South,2023,197699,3837,51.5,6.22,22.3,24.5,53.2,301.1,70.36,4.95,1,Cần Thơ
Can Tho,City,South,2024,220000,3848,57.2,7.0,21.7,25.4,52.9,334.0,71.78,5.3,1,Cần Thơ
Can Tho,City,South,2025,248970,3860,64.5,8.48,21.4,24.9,53.7,440.3,71.11,5.7,1,Cần Thơ
Hue,City,Centre,2015,28135,1226,22.9,7.11,11.2,33.2,55.6,229.1,65.63,2.89,1,Huế
Hue,City,Centre,2016,31218,1233,25.3,7.2,10.7,33.8,55.5,139.8,67.2,3.1,1,Huế
Hue,City,Centre,2017,35399,1239,28.6,7.59,10.1,33.1,56.8,65.8,63.5,3.36,1,Huế
Hue,City,Centre,2018,39256,1245,31.5,7.36,10.3,33.9,55.7,151.7,66.64,3.68,1,Huế
Hue,City,Centre,2019,44402,1251,35.5,8.52,10.1,34.9,54.9,191.9,68.12,4.01,1,Huế
Hue,City,Centre,2020,47639,1257,37.9,3.38,9.1,34.3,56.5,112.0,64.82,4.16,1,Huế
Hue,City,Centre,2021,50111,1264,39.7,1.88,8.9,34.7,56.3,259.1,68.76,4.21,1,Huế
Hue,City,Centre,2022,56728,1270,44.7,7.28,8.8,34.8,56.3,96.4,67.37,4.58,1,Huế
Hue,City,Centre,2023,62612,1276,49.1,5.81,7.8,35.6,56.6,384.0,66.17,4.95,1,Huế
Hue,City,Centre,2024,70000,1283,54.6,7.5,7.7,35.8,56.5,162.1,67.51,5.2,1,Huế
Hue,City,Centre,2025,78792,1289,61.1,8.59,7.7,36.2,56.0,323.1,68.68,5.53,1,Huế
Dong Nai,Province,South,2015,185178,3786,48.9,7.36,11.0,47.5,41.4,3313.2,64.73,3.45,1,Đồng Nai
Dong Nai,Province,South,2016,205303,3831,53.6,7.85,11.6,47.6,40.8,2143.5,67.92,3.68,1,Đồng Nai
Dong Nai,Province,South,2017,232134,3877,59.9,8.48,10.6,47.9,41.4,1933.0,66.1,3.96,1,Đồng Nai
Dong Nai,Province,South,2018,262288,3924,66.8,7.91,10.2,47.9,41.9,1349.9,67.2,4.33,1,Đồng Nai
Dong Nai,Province,South,2019,303058,3971,76.3,9.27,9.9,48.9,41.2,2105.5,67.04,4.69,1,Đồng Nai
Dong Nai,Province,South,2020,324466,4018,80.7,3.85,9.7,48.2,42.1,666.5,66.2,4.87,1,Đồng Nai
Dong Nai,Province,South,2021,350081,4067,86.1,4.25,8.6,48.3,43.1,4533.4,67.77,4.99,1,Đồng Nai
Dong Nai,Province,South,2022,404918,4115,98.4,9.13,8.2,49.1,42.6,379.9,66.15,5.43,1,Đồng Nai
Dong Nai,Province,South,2023,445157,4165,106.9,6.22,8.5,50.7,40.9,1965.7,67.46,5.84,1,Đồng Nai
Dong Nai,Province,South,2024,500000,4215,118.6,8.0,7.9,49.4,42.7,3184.5,66.9,6.2,1,Đồng Nai
Dong Nai,Province,South,2025,556485,4265,130.5,7.79,7.8,50.6,41.6,4853.3,66.27,6.64,1,Đồng Nai
Bac Ninh,Province,North,2015,167311,2837,59.0,11.23,8.3,55.1,36.6,2204.8,67.77,3.83,1,Bắc Ninh
Bac Ninh,Province,North,2016,187590,2893,64.8,9.42,8.4,55.7,35.9,1779.5,66.83,4.11,1,Bắc Ninh
Bac Ninh,Province,North,2017,217553,2951,73.7,11.64,7.1,56.1,36.8,947.9,66.23,4.43,1,Bắc Ninh
Bac Ninh,Province,North,2018,253937,3010,84.4,11.98,7.2,57.2,35.6,2320.1,66.48,4.82,1,Bắc Ninh
Bac Ninh,Province,North,2019,297216,3071,96.8,11.92,7.0,58.4,34.7,2271.6,66.72,5.25,1,Bắc Ninh
Bac Ninh,Province,North,2020,330488,3132,105.5,6.98,6.5,58.5,35.0,838.8,67.52,5.42,1,Bắc Ninh
Bac Ninh,Province,North,2021,363196,3195,113.7,6.25,5.8,59.7,34.5,2241.3,65.95,5.43,1,Bắc Ninh
Bac Ninh,Province,North,2022,430692,3258,132.2,11.59,6.1,60.9,33.0,1933.7,68.24,5.85,1,Bắc Ninh
Bac Ninh,Province,North,2023,485100,3324,146.0,7.9,5.0,60.2,34.8,2305.6,66.61,6.28,1,Bắc Ninh
Bac Ninh,Province,North,2024,560000,3390,165.2,11.0,5.6,62.3,32.1,1480.9,67.0,6.6,1,Bắc Ninh
Bac Ninh,Province,North,2025,656933,3458,190.0,11.52,5.1,62.9,32.0,1560.8,68.4,7.01,1,Bắc Ninh
Quang Ninh,Province,North,2015,95600,1173,81.5,11.37,8.0,47.4,44.6,928.7,72.46,3.55,1,Quảng Ninh
Quang Ninh,Province,North,2016,106773,1185,90.1,8.7,8.2,47.4,44.4,401.7,70.3,3.78,1,Quảng Ninh
Quang Ninh,Province,North,2017,122538,1196,102.4,9.84,8.2,48.5,43.2,627.3,70.98,4.13,1,Quảng Ninh
Quang Ninh,Province,North,2018,140270,1208,116.1,10.67,7.0,48.1,44.9,803.1,72.06,4.48,1,Quảng Ninh
Quang Ninh,Province,North,2019,161817,1220,132.6,10.76,6.9,48.7,44.4,407.9,74.34,4.9,1,Quảng Ninh
Quang Ninh,Province,North,2020,178006,1233,144.4,7.19,6.5,49.1,44.4,653.4,73.43,5.07,1,Quảng Ninh
Quang Ninh,Province,North,2021,196019,1245,157.4,5.55,5.5,49.3,45.1,882.9,73.23,5.07,1,Quảng Ninh
Quang Ninh,Province,North,2022,233166,1257,185.4,11.93,5.6,50.1,44.2,2448.2,72.48,5.49,1,Quảng Ninh
Quang Ninh,Province,North,2023,261051,1270,205.5,7.32,5.4,49.9,44.6,653.0,74.11,5.95,1,Quảng Ninh
Quang Ninh,Province,North,2024,300000,1283,233.9,10.5,4.9,50.5,44.6,434.8,73.98,6.3,1,Quảng Ninh
Quang Ninh,Province,North,2025,347438,1296,268.2,10.68,4.5,49.9,45.5,1237.9,72.05,6.74,1,Quảng Ninh
Thanh Hoa,Province,Centre,2015,111839,3241,34.5,7.47,15.9,38.7,45.5,363.8,64.86,2.79,1,Thanh Hóa
Thanh Hoa,Province,Centre,2016,122249,3258,37.5,7.73,15.7,40.6,43.6,363.7,65.13,2.97,1,Thanh Hóa
Thanh Hoa,Province,Centre,2017,139117,3274,42.5,9.25,15.2,41.2,43.6,416.9,65.97,3.16,1,Thanh Hóa
Thanh Hoa,Province,Centre,2018,156542,3290,47.6,8.5,15.3,41.3,43.4,803.4,66.24,3.46,1,Thanh Hóa
Thanh Hoa,Province,Centre,2019,179462,3307,54.3,9.49,14.7,41.6,43.7,793.1,64.04,3.77,1,Thanh Hóa
Thanh Hoa,Province,Centre,2020,197283,3323,59.4,6.47,14.6,41.5,43.9,583.3,64.37,3.89,1,Thanh Hóa
Thanh Hoa,Province,Centre,2021,214757,3340,64.3,4.77,14.4,43.2,42.5,183.2,63.9,3.92,1,Thanh Hóa
Thanh Hoa,Province,Centre,2022,252371,3356,75.2,10.47,14.1,43.4,42.4,959.7,66.72,4.25,1,Thanh Hóa
Thanh Hoa,Province,Centre,2023,282287,3373,83.7,7.88,13.0,43.9,43.0,1295.2,65.97,4.65,1,Thanh Hóa
Thanh Hoa,Province,Centre,2024,320000,3390,94.4,9.0,12.9,45.2,41.8,1276.1,66.19,5.0,1,Thanh Hóa
Thanh Hoa,Province,Centre,2025,365478,3407,107.3,9.6,12.9,45.9,41.2,442.7,63.4,5.32,1,Thanh Hóa
Nghe An,Province,Centre,2015,80325,2926,27.5,8.8,21.6,34.2,44.3,407.9,64.72,2.61,1,Nghệ An
Nghe An,Province,Centre,2016,87473,2946,29.7,6.89,20.9,34.0,45.1,194.6,63.68,2.77,1,Nghệ An
Nghe An,Province,Centre,2017,99024,2967,33.4,8.27,20.1,34.5,45.4,387.9,63.2,2.98,1,Nghệ An
Nghe An,Province,Centre,2018,113914,2988,38.1,9.76,20.4,35.7,43.9,453.1,63.7,3.25,1,Nghệ An
Nghe An,Province,Centre,2019,128070,3008,42.6,8.14,19.7,35.5,44.8,261.2,63.32,3.49,1,Nghệ An
Nghe An,Province,Centre,2020,137355,3030,45.3,4.31,19.0,35.2,45.8,543.6,64.07,3.61,1,Nghệ An
Nghe An,Province,Centre,2021,149292,3051,48.9,3.29,19.0,35.8,45.2,727.0,64.97,3.66,1,Nghệ An
Nghe An,Province,Centre,2022,176229,3072,57.4,10.65,18.7,37.4,43.9,271.0,62.5,4.01,1,Nghệ An
Nghe An,Province,Centre,2023,194966,3094,63.0,5.86,18.5,37.6,43.9,1190.7,65.22,4.35,1,Nghệ An
Nghe An,Province,Centre,2024,220000,3115,70.6,8.5,17.6,37.9,44.4,495.4,64.26,4.7,1,Nghệ An
Nghe An,Province,Centre,2025,253182,3137,80.7,9.85,17.5,38.4,44.1,756.5,63.5,5.09,1,Nghệ An
Hung Yen,Province,North,2015,125998,2814,44.8,7.66,13.3,39.7,47.1,4243.0,66.12,2.79,1,Hưng Yên
Hung Yen,Province,North,2016,139473,2837,49.2,7.32,13.1,39.9,47.0,543.3,64.61,3.02,1,Hưng Yên
Hung Yen,Province,North,2017,156190,2860,54.6,8.39,12.5,41.2,46.4,851.0,65.32,3.27,1,Hưng Yên
Hung Yen,Province,North,2018,178000,2882,61.8,8.16,12.2,41.5,46.2,253.4,66.2,3.61,1,Hưng Yên
Hung Yen,Province,North,2019,197690,2906,68.0,7.59,11.3,41.6,47.1,869.0,65.6,3.93,1,Hưng Yên
Hung Yen,Province,North,2020,209758,2929,71.6,3.0,11.6,41.8,46.5,321.8,65.11,4.1,1,Hưng Yên
Hung Yen,Province,North,2021,226768,2952,76.8,4.02,11.0,43.0,46.0,851.1,64.49,4.19,1,Hưng Yên
Hung Yen,Province,North,2022,261002,2976,87.7,10.25,10.7,44.1,45.2,260.3,63.45,4.56,1,Hưng Yên
Hung Yen,Province,North,2023,292449,3000,97.5,6.78,10.3,44.4,45.3,930.4,65.87,4.89,1,Hưng Yên
Hung Yen,Province,North,2024,330000,3024,109.1,8.5,10.3,45.1,44.6,554.5,64.59,5.2,1,Hưng Yên
Hung Yen,Province,North,2025,373727,3048,122.6,8.61,9.7,45.2,45.1,2469.4,65.58,5.56,1,Hưng Yên
Ninh Binh,Province,North,2015,116383,3820,30.5,5.85,12.6,38.0,49.4,404.9,65.06,2.73,1,Ninh Bình
Ninh Binh,Province,North,2016,127272,3843,33.1,6.52,12.6,38.0,49.3,475.2,68.46,2.96,1,Ninh Bình
Ninh Binh,Province,North,2017,142208,3866,36.8,7.41,12.6,38.4,49.0,487.2,66.39,3.22,1,Ninh Bình
Ninh Binh,Province,North,2018,161136,3889,41.4,7.78,12.2,39.0,48.8,1267.6,68.38,3.54,1,Ninh Bình
Ninh Binh,Province,North,2019,179997,3913,46.0,7.43,11.9,39.6,48.4,350.9,66.39,3.84,1,Ninh Bình
Ninh Binh,Province,North,2020,191337,3936,48.6,4.14,11.7,39.9,48.5,635.8,67.66,3.97,1,Ninh Bình
Ninh Binh,Province,North,2021,206620,3960,52.2,3.77,11.4,40.7,47.9,666.2,66.27,4.02,1,Ninh Bình
Ninh Binh,Province,North,2022,240426,3984,60.4,8.8,9.8,41.1,49.0,792.7,62.42,4.36,1,Ninh Bình
Ninh Binh,Province,North,2023,267094,4007,66.6,5.56,10.5,40.8,48.7,1025.5,65.51,4.67,1,Ninh Bình
Ninh Binh,Province,North,2024,300000,4031,74.4,8.0,10.4,41.7,47.9,628.3,69.69,5.0,1,Ninh Bình
Ninh Binh,Province,North,2025,338407,4056,83.4,8.74,9.8,42.5,47.7,2400.8,67.26,5.37,1,Ninh Bình
Phu Tho,Province,North,2015,124838,3442,36.3,7.4,14.5,43.2,42.2,524.3,65.52,2.7,1,Phú Thọ
Phu Tho,Province,North,2016,137223,3466,39.6,7.58,13.8,43.3,42.9,649.0,66.19,2.91,1,Phú Thọ
Phu Tho,Province,North,2017,153499,3490,44.0,8.02,13.2,43.5,43.3,499.1,66.06,3.13,1,Phú Thọ
Phu Tho,Province,North,2018,175114,3515,49.8,9.15,13.2,44.0,42.8,1076.3,64.95,3.41,1,Phú Thọ
Phu Tho,Province,North,2019,197883,3539,55.9,8.2,12.9,44.8,42.3,381.4,67.23,3.72,1,Phú Thọ
Phu Tho,Province,North,2020,213667,3564,59.9,4.46,11.9,44.3,43.8,341.9,64.37,3.79,1,Phú Thọ
Phu Tho,Province,North,2021,228167,3589,63.6,3.3,12.0,45.5,42.5,522.9,66.44,3.85,1,Phú Thọ
Phu Tho,Province,North,2022,265840,3614,73.6,10.17,11.8,46.1,42.1,920.7,66.54,4.21,1,Phú Thọ
Phu Tho,Province,North,2023,292449,3640,80.4,5.51,11.2,45.7,43.1,237.9,65.94,4.57,1,Phú Thọ
Phu Tho,Province,North,2024,330000,3665,90.0,8.5,11.3,47.0,41.7,1957.7,66.24,4.9,1,Phú Thọ
Phu Tho,Province,North,2025,375059,3691,101.6,9.72,10.8,47.3,41.9,757.7,66.1,5.3,1,Phú Thọ
Thai Nguyen,Province,North,2015,67850,1481,45.8,9.79,11.3,50.6,38.1,2998.7,64.01,2.95,1,Thái Nguyên
Thai Nguyen,Province,North,2016,76591,1499,51.1,9.16,10.5,51.9,37.6,1176.5,62.29,3.14,1,Thái Nguyên
Thai Nguyen,Province,North,2017,86937,1517,57.3,8.53,10.5,52.6,36.8,3177.4,67.67,3.42,1,Thái Nguyên
Thai Nguyen,Province,North,2018,99982,1535,65.1,9.99,10.5,53.8,35.7,1875.1,64.22,3.71,1,Thái Nguyên
Thai Nguyen,Province,North,2019,113184,1554,72.8,8.87,9.8,55.2,35.1,1923.3,64.01,4.09,1,Thái Nguyên
Thai Nguyen,Province,North,2020,122706,1572,78.0,4.92,8.9,54.9,36.1,2131.0,64.27,4.21,1,Thái Nguyên
Thai Nguyen,Province,North,2021,133477,1591,83.9,4.33,9.1,56.8,34.2,2320.1,64.92,4.27,1,Thái Nguyên
Thai Nguyen,Province,North,2022,154792,1610,96.1,9.53,9.1,57.7,33.2,4178.4,65.39,4.65,1,Thái Nguyên
Thai Nguyen,Province,North,2023,175623,1630,107.8,7.58,8.7,59.4,31.9,3900.7,65.64,5.04,1,Thái Nguyên
Thai Nguyen,Province,North,2024,200000,1649,121.3,9.5,8.2,60.2,31.6,1118.2,65.84,5.4,1,Thái Nguyên
Thai Nguyen,Province,North,2025,230654,1669,138.2,9.44,7.4,60.5,32.1,5115.6,66.11,5.78,1,Thái Nguyên
Tuyen Quang,Province,North,2015,50317,1563,32.2,8.64,24.5,31.2,44.4,42.1,61.45,2.21,1,Tuyên Quang
Tuyen Quang,Province,North,2016,55011,1572,35.0,6.29,25.0,31.0,44.0,199.2,61.74,2.36,1,Tuyên Quang
Tuyen Quang,Province,North,2017,61685,1582,39.0,7.77,24.8,31.9,43.3,178.7,63.46,2.55,1,Tuyên Quang
Tuyen Quang,Province,North,2018,69984,1591,44.0,8.79,23.9,32.1,44.0,273.6,62.53,2.79,1,Tuyên Quang
Tuyen Quang,Province,North,2019,78642,1601,49.1,8.15,24.2,32.5,43.3,46.0,60.8,3.07,1,Tuyên Quang
Tuyen Quang,Province,North,2020,84336,1610,52.4,4.12,23.3,32.0,44.7,137.3,60.79,3.15,1,Tuyên Quang
Tuyen Quang,Province,North,2021,90196,1620,55.7,2.98,22.8,33.1,44.1,699.0,64.86,3.22,1,Tuyên Quang
Tuyen Quang,Province,North,2022,103835,1630,63.7,8.77,22.6,33.8,43.6,90.3,60.51,3.49,1,Tuyên Quang
Tuyen Quang,Province,North,2023,115741,1639,70.6,7.24,22.1,34.5,43.5,209.1,60.98,3.76,1,Tuyên Quang
Tuyen Quang,Province,North,2024,130000,1649,78.8,8.0,22.0,34.7,43.3,299.0,63.5,4.0,1,Tuyên Quang
Tuyen Quang,Province,North,2025,145930,1659,88.0,8.73,21.9,35.0,43.1,160.9,63.86,4.28,1,Tuyên Quang
Lao Cai,Province,North,2015,50672,1340,37.8,8.09,20.7,35.3,43.9,35.4,63.4,2.5,1,Lào Cai
Lao Cai,Province,North,2016,56162,1354,41.5,7.38,21.2,36.3,42.5,109.5,67.75,2.68,1,Lào Cai
Lao Cai,Province,North,2017,63397,1367,46.4,8.63,20.7,37.4,42.0,69.9,66.93,2.88,1,Lào Cai
Lao Cai,Province,North,2018,73012,1381,52.9,9.57,19.9,37.9,42.2,188.9,67.08,3.16,1,Lào Cai
Lao Cai,Province,North,2019,82925,1395,59.5,8.22,19.4,37.8,42.8,73.7,66.6,3.45,1,Lào Cai
Lao Cai,Province,North,2020,91272,1409,64.8,5.65,19.2,38.0,42.8,121.9,67.28,3.62,1,Lào Cai
Lao Cai,Province,North,2021,97381,1423,68.4,3.14,19.5,39.0,41.4,258.2,65.5,3.63,1,Lào Cai
Lao Cai,Province,North,2022,113317,1437,78.9,10.44,18.5,39.9,41.6,252.7,66.88,3.93,1,Lào Cai
Lao Cai,Province,North,2023,124069,1451,85.5,5.57,17.8,39.4,42.8,148.9,65.03,4.23,1,Lào Cai
Lao Cai,Province,North,2024,140000,1466,95.5,8.5,18.5,40.4,41.2,111.6,67.36,4.5,1,Lào Cai
Lao Cai,Province,North,2025,160388,1481,108.3,9.69,17.5,40.1,42.4,310.3,67.05,4.79,1,Lào Cai
Lang Son,Province,North,2015,22476,688,32.6,7.82,25.4,27.0,47.6,31.0,64.57,2.45,1,Lạng Sơn
Lang Son,Province,North,2016,24738,693,35.7,6.8,24.2,26.2,49.6,35.0,66.21,2.6,1,Lạng Sơn
Lang Son,Province,North,2017,27523,698,39.4,7.26,24.3,26.0,49.8,16.0,64.14,2.81,1,Lạng Sơn
Lang Son,Province,North,2018,30745,703,43.7,6.97,23.5,26.8,49.7,52.0,66.3,3.06,1,Lạng Sơn
Lang Son,Province,North,2019,34287,708,48.4,6.31,23.0,26.9,50.1,22.0,66.98,3.36,1,Lạng Sơn
Lang Son,Province,North,2020,36591,713,51.3,3.26,23.3,25.6,51.1,15.8,66.57,3.41,1,Lạng Sơn
Lang Son,Province,North,2021,39746,718,55.4,3.58,23.2,27.1,49.7,44.9,67.9,3.38,1,Lạng Sơn
Lang Son,Province,North,2022,45444,723,62.9,7.64,22.8,27.5,49.7,14.8,67.23,3.72,1,Lạng Sơn
Lang Son,Province,North,2023,49425,728,67.9,4.56,22.2,27.5,50.3,43.4,64.02,4.01,1,Lạng Sơn
Lang Son,Province,North,2024,55000,733,75.0,7.0,22.3,28.1,49.6,57.2,64.09,4.3,1,Lạng Sơn
Lang Son,Province,North,2025,62349,738,84.5,7.48,21.9,28.2,50.0,16.9,64.81,4.6,1,Lạng Sơn
Cao Bang,Province,North,2015,12614,465,27.1,6.71,28.4,22.5,49.1,5.6,59.55,2.12,1,Cao Bằng
Cao Bang,Province,North,2016,13906,468,29.7,5.89,28.2,22.9,48.9,15.8,60.35,2.26,1,Cao Bằng
Cao Bang,Province,North,2017,15465,471,32.8,6.53,27.7,23.0,49.3,10.2,57.37,2.44,1,Cao Bằng
Cao Bang,Province,North,2018,17497,474,36.9,8.4,27.2,23.8,49.0,12.6,59.61,2.65,1,Cao Bằng
Cao Bang,Province,North,2019,19400,478,40.6,5.84,27.2,24.1,48.7,20.9,56.06,2.88,1,Cao Bằng
Cao Bang,Province,North,2020,20440,481,42.5,2.61,26.4,23.6,50.1,2.8,59.71,2.96,1,Cao Bằng
Cao Bang,Province,North,2021,21816,485,45.0,1.28,25.7,24.9,49.4,9.8,58.6,3.0,1,Cao Bằng
Cao Bang,Province,North,2022,24786,488,50.8,7.63,26.1,24.3,49.5,6.5,60.35,3.31,1,Cao Bằng
Cao Bang,Province,North,2023,27086,491,55.1,5.14,25.9,24.1,50.0,15.8,59.68,3.59,1,Cao Bằng
Cao Bang,Province,North,2024,30000,495,60.6,6.5,24.6,25.2,50.2,24.4,59.61,3.8,1,Cao Bằng
Cao Bang,Province,North,2025,33723,498,67.7,7.22,24.5,25.1,50.4,9.2,60.93,4.09,1,Cao Bằng
Dien Bien,Province,North,2015,12815,536,23.9,6.78,29.3,20.0,50.7,3.3,58.45,2.01,1,Điện Biên
Dien Bien,Province,North,2016,14046,542,25.9,6.09,29.9,20.1,50.0,3.3,58.93,2.15,1,Điện Biên
Dien Bien,Province,North,2017,15744,547,28.8,6.41,29.5,20.5,49.9,32.3,59.12,2.29,1,Điện Biên
Dien Bien,Province,North,2018,17550,552,31.8,5.9,28.9,20.7,50.4,7.4,58.01,2.48,1,Điện Biên
Dien Bien,Province,North,2019,19683,558,35.3,7.86,28.6,21.0,50.4,24.1,57.36,2.69,1,Điện Biên
Dien Bien,Province,North,2020,21281,564,37.8,4.36,28.4,21.6,50.0,23.4,58.03,2.76,1,Điện Biên
Dien Bien,Province,North,2021,22839,569,40.1,3.18,27.8,21.8,50.4,4.8,58.25,2.81,1,Điện Biên
Dien Bien,Province,North,2022,26055,575,45.3,7.75,27.7,22.0,50.3,4.2,56.17,3.08,1,Điện Biên
Dien Bien,Province,North,2023,28756,581,49.5,5.27,26.8,21.2,52.0,11.7,59.25,3.34,1,Điện Biên
Dien Bien,Province,North,2024,32000,586,54.6,7.0,26.3,22.0,51.7,10.7,57.8,3.6,1,Điện Biên
Dien Bien,Province,North,2025,35935,592,60.7,8.03,26.2,23.0,50.7,10.3,60.15,3.85,1,Điện Biên
Lai Chau,Province,North,2015,11879,402,29.5,7.91,28.3,25.5,46.2,24.0,58.7,2.05,1,Lai Châu
Lai Chau,Province,North,2016,13139,406,32.4,7.18,27.9,25.3,46.8,9.8,62.77,2.22,1,Lai Châu
Lai Chau,Province,North,2017,14722,410,35.9,8.24,26.9,26.4,46.8,7.5,58.0,2.4,1,Lai Châu
Lai Chau,Province,North,2018,16578,414,40.0,8.61,27.0,26.9,46.1,14.0,62.69,2.58,1,Lai Châu
Lai Chau,Province,North,2019,18752,418,44.8,8.13,26.7,28.0,45.3,5.6,62.24,2.82,1,Lai Châu
Lai Chau,Province,North,2020,19963,423,47.2,3.37,26.5,27.7,45.8,28.8,60.2,2.9,1,Lai Châu
Lai Chau,Province,North,2021,21265,427,49.8,3.06,25.8,29.3,44.9,25.1,59.68,2.94,1,Lai Châu
Lai Chau,Province,North,2022,24338,431,56.5,8.65,26.2,28.6,45.2,15.4,62.81,3.23,1,Lai Châu
Lai Chau,Province,North,2023,26709,435,61.3,6.23,25.3,29.6,45.1,49.9,61.62,3.47,1,Lai Châu
Lai Chau,Province,North,2024,30000,440,68.2,8.0,24.8,29.3,46.0,33.4,62.47,3.7,1,Lai Châu
Lai Chau,Province,North,2025,34064,444,76.7,9.4,24.4,29.9,45.7,18.3,61.66,3.96,1,Lai Châu
Son La,Province,North,2015,28248,1099,25.7,5.64,32.7,23.2,44.2,3.4,62.23,2.2,1,Sơn La
Son La,Province,North,2016,30860,1109,27.8,5.59,32.7,23.0,44.3,6.5,59.51,2.36,1,Sơn La
Son La,Province,North,2017,34398,1119,30.7,7.27,32.2,23.5,44.2,20.1,61.84,2.55,1,Sơn La
Son La,Province,North,2018,38394,1129,34.0,6.73,32.2,23.9,43.9,46.4,60.12,2.8,1,Sơn La
Son La,Province,North,2019,42380,1139,37.2,6.33,32.1,24.0,43.9,42.7,59.79,3.06,1,Sơn La
Son La,Province,North,2020,44422,1149,38.7,2.14,31.8,23.6,44.6,21.7,61.83,3.1,1,Sơn La
Son La,Province,North,2021,47021,1160,40.6,1.69,30.9,24.3,44.8,19.0,61.4,3.16,1,Sơn La
Son La,Province,North,2022,53549,1170,45.8,8.41,30.7,24.6,44.7,12.0,62.44,3.44,1,Sơn La
Son La,Province,North,2023,58411,1180,49.5,5.02,29.8,26.0,44.2,26.7,60.99,3.68,1,Sơn La
Son La,Province,North,2024,65000,1191,54.6,7.0,30.0,25.2,44.8,37.9,63.41,3.9,1,Sơn La
Son La,Province,North,2025,73448,1202,61.1,8.14,30.0,25.3,44.7,6.4,64.01,4.15,1,Sơn La
Ha Tinh,Province,Centre,2015,42520,1170,36.3,8.86,18.2,41.7,40.1,2052.0,60.78,2.69,1,Hà Tĩnh
Ha Tinh,Province,Centre,2016,46742,1172,39.9,7.25,18.3,41.8,39.9,1073.0,61.36,2.89,1,Hà Tĩnh
Ha Tinh,Province,Centre,2017,52885,1175,45.0,8.8,17.5,42.3,40.3,663.2,61.46,3.09,1,Hà Tĩnh
Ha Tinh,Province,Centre,2018,60724,1177,51.6,9.2,16.6,42.6,40.8,683.2,62.94,3.36,1,Hà Tĩnh
Ha Tinh,Province,Centre,2019,68702,1179,58.3,7.66,16.3,42.9,40.8,1266.7,62.94,3.65,1,Hà Tĩnh
Ha Tinh,Province,Centre,2020,74076,1182,62.7,4.81,16.3,42.6,41.1,227.6,61.37,3.77,1,Hà Tĩnh
Ha Tinh,Province,Centre,2021,79943,1184,67.5,3.47,16.4,43.6,40.0,381.5,63.47,3.85,1,Hà Tĩnh
Ha Tinh,Province,Centre,2022,92034,1186,77.6,8.21,15.8,44.0,40.2,578.8,63.85,4.18,1,Hà Tĩnh
Ha Tinh,Province,Centre,2023,101447,1189,85.3,5.96,14.9,44.4,40.7,336.0,62.26,4.49,1,Hà Tĩnh
Ha Tinh,Province,Centre,2024,115000,1191,96.5,9.0,15.1,44.5,40.4,635.2,65.85,4.8,1,Hà Tĩnh
Ha Tinh,Province,Centre,2025,132858,1194,111.3,9.82,14.7,44.7,40.6,462.5,62.51,5.07,1,Hà Tĩnh
Quang Tri,Province,Centre,2015,36780,1664,22.1,7.2,20.7,27.2,52.1,77.0,65.2,2.54,1,Quảng Trị
Quang Tri,Province,Centre,2016,40895,1673,24.4,6.77,20.7,27.1,52.2,68.8,64.33,2.71,1,Quảng Trị
Quang Tri,Province,Centre,2017,45526,1681,27.1,6.88,20.9,27.7,51.4,162.6,62.73,2.93,1,Quảng Trị
Quang Tri,Province,Centre,2018,51435,1690,30.4,8.22,19.9,28.5,51.7,95.5,64.78,3.2,1,Quảng Trị
Quang Tri,Province,Centre,2019,56757,1698,33.4,6.99,20.0,28.3,51.7,94.2,63.76,3.47,1,Quảng Trị
Quang Tri,Province,Centre,2020,60612,1706,35.5,3.75,19.2,28.0,52.7,232.1,65.35,3.55,1,Quảng Trị
Quang Tri,Province,Centre,2021,64527,1715,37.6,2.29,19.7,29.8,50.5,64.7,64.78,3.59,1,Quảng Trị
Quang Tri,Province,Centre,2022,73644,1724,42.7,7.99,18.5,28.9,52.6,92.5,63.53,3.94,1,Quảng Trị
Quang Tri,Province,Centre,2023,80501,1732,46.5,5.92,18.3,29.3,52.4,79.5,65.91,4.32,1,Quảng Trị
Quang Tri,Province,Centre,2024,90000,1741,51.7,7.5,18.8,29.6,51.5,137.3,65.09,4.6,1,Quảng Trị
Quang Tri,Province,Centre,2025,101816,1750,58.2,9.13,18.2,29.8,52.1,381.7,65.46,4.92,1,Quảng Trị
Quang Ngai,Province,Centre,2015,74048,1823,40.6,6.66,15.1,45.5,39.4,107.5,64.25,2.82,1,Quảng Ngãi
Quang Ngai,Province,Centre,2016,81776,1834,44.6,6.31,14.2,44.8,41.0,132.6,63.19,3.01,1,Quảng Ngãi
Quang Ngai,Province,Centre,2017,92128,1845,49.9,8.27,14.3,46.0,39.7,178.8,64.42,3.25,1,Quảng Ngãi
Quang Ngai,Province,Centre,2018,101756,1856,54.8,6.29,14.0,46.4,39.6,38.1,64.32,3.53,1,Quảng Ngãi
Quang Ngai,Province,Centre,2019,116050,1867,62.1,8.38,13.9,47.0,39.1,88.5,64.31,3.86,1,Quảng Ngãi
Quang Ngai,Province,Centre,2020,123843,1879,65.9,4.58,13.9,46.6,39.5,70.9,63.33,3.97,1,Quảng Ngãi
Quang Ngai,Province,Centre,2021,134359,1890,71.1,3.71,13.1,47.4,39.5,61.4,64.2,4.0,1,Quảng Ngãi
Quang Ngai,Province,Centre,2022,153436,1901,80.7,7.74,12.7,47.6,39.6,154.0,63.49,4.34,1,Quảng Ngãi
Quang Ngai,Province,Centre,2023,169160,1913,88.4,6.19,12.1,48.3,39.6,116.0,63.91,4.68,1,Quảng Ngãi
Quang Ngai,Province,Centre,2024,190000,1924,98.7,8.0,11.6,48.4,40.1,82.0,61.55,5.0,1,Quảng Ngãi
Quang Ngai,Province,Centre,2025,213247,1936,110.2,7.6,11.3,48.3,40.4,154.8,64.89,5.27,1,Quảng Ngãi
Khanh Hoa,Province,Centre,2015,53103,1944,27.3,7.15,13.6,27.6,58.8,159.7,67.22,2.9,1,Khánh Hòa
Khanh Hoa,Province,Centre,2016,58693,1962,29.9,6.89,12.9,26.8,60.3,118.9,67.44,3.14,1,Khánh Hòa
Khanh Hoa,Province,Centre,2017,65681,1979,33.2,8.03,12.6,27.3,60.1,443.8,66.36,3.44,1,Khánh Hòa
Khanh Hoa,Province,Centre,2018,74490,1997,37.3,7.88,11.5,27.7,60.8,230.1,66.7,3.76,1,Khánh Hòa
Khanh Hoa,Province,Centre,2019,83531,2015,41.5,8.18,11.9,27.9,60.2,229.0,66.21,4.05,1,Khánh Hòa
Khanh Hoa,Province,Centre,2020,89134,2033,43.8,4.26,11.7,28.1,60.2,344.6,67.44,4.14,1,Khánh Hòa
Khanh Hoa,Province,Centre,2021,97433,2051,47.5,4.49,10.7,29.3,60.0,244.7,67.88,4.14,1,Khánh Hòa
Khanh Hoa,Province,Centre,2022,112781,2070,54.5,9.1,10.8,29.2,60.0,169.0,68.41,4.49,1,Khánh Hòa
Khanh Hoa,Province,Centre,2023,124644,2089,59.7,5.85,9.5,29.9,60.6,674.0,64.24,4.83,1,Khánh Hòa
Khanh Hoa,Province,Centre,2024,140000,2107,66.4,8.0,10.3,29.8,59.9,297.6,66.24,5.2,1,Khánh Hòa
Khanh Hoa,Province,Centre,2025,159156,2126,74.9,8.64,10.0,29.9,60.2,123.1,69.45,5.5,1,Khánh Hòa
Gia Lai,Province,Highlands,2015,75220,2958,25.4,7.06,24.8,26.5,48.7,241.4,60.66,2.64,1,Gia Lai
Gia Lai,Province,Highlands,2016,81787,2985,27.4,6.19,24.6,26.7,48.7,165.5,61.43,2.79,1,Gia Lai
Gia Lai,Province,Highlands,2017,92085,3012,30.6,7.81,24.4,27.1,48.5,103.0,62.88,3.02,1,Gia Lai
Gia Lai,Province,Highlands,2018,102051,3039,33.6,6.3,24.1,27.7,48.2,139.0,63.36,3.29,1,Gia Lai
Gia Lai,Province,Highlands,2019,114737,3066,37.4,6.8,23.7,27.9,48.4,213.0,64.54,3.64,1,Gia Lai
Gia Lai,Province,Highlands,2020,122092,3094,39.5,2.35,23.6,27.4,49.0,51.4,62.86,3.72,1,Gia Lai
Gia Lai,Province,Highlands,2021,129879,3122,41.6,2.98,23.2,29.4,47.4,177.2,62.03,3.73,1,Gia Lai
Gia Lai,Province,Highlands,2022,147909,3150,47.0,7.93,22.6,29.2,48.2,112.3,62.45,4.05,1,Gia Lai
Gia Lai,Province,Highlands,2023,161002,3178,50.7,4.61,22.1,29.7,48.2,135.6,61.27,4.31,1,Gia Lai
Gia Lai,Province,Highlands,2024,180000,3207,56.1,7.5,22.2,30.2,47.7,275.8,64.16,4.6,1,Gia Lai
Gia Lai,Province,Highlands,2025,199751,3236,61.7,7.54,21.8,30.4,47.8,312.0,62.99,4.9,1,Gia Lai
Dak Lak,Province,Highlands,2015,66230,2814,23.5,6.23,35.0,19.4,45.6,122.8,62.51,2.48,1,Đắk Lắk
Dak Lak,Province,Highlands,2016,71883,2837,25.3,5.78,34.7,19.9,45.5,64.2,64.08,2.67,1,Đắk Lắk
Dak Lak,Province,Highlands,2017,80110,2860,28.0,7.0,34.7,19.7,45.5,35.3,63.65,2.85,1,Đắk Lắk
Dak Lak,Province,Highlands,2018,89324,2882,31.0,6.02,34.3,20.6,45.1,227.4,62.48,3.07,1,Đắk Lắk
Dak Lak,Province,Highlands,2019,99087,2906,34.1,6.83,33.5,19.9,46.6,118.9,64.1,3.35,1,Đắk Lắk
Dak Lak,Province,Highlands,2020,106152,2929,36.2,3.63,33.1,20.3,46.6,101.4,62.13,3.45,1,Đắk Lắk
Dak Lak,Province,Highlands,2021,113331,2952,38.4,1.61,33.9,21.6,44.5,79.7,64.4,3.47,1,Đắk Lắk
Dak Lak,Province,Highlands,2022,130167,2976,43.7,8.36,32.2,21.2,46.6,50.2,62.49,3.78,1,Đắk Lắk
Dak Lak,Province,Highlands,2023,143781,3000,47.9,6.11,32.9,21.1,46.0,103.7,64.36,4.09,1,Đắk Lắk
Dak Lak,Province,Highlands,2024,160000,3024,52.9,7.0,31.9,21.9,46.2,171.2,63.96,4.4,1,Đắk Lắk
Dak Lak,Province,Highlands,2025,179692,3048,59.0,7.88,31.6,22.5,45.9,84.7,62.41,4.62,1,Đắk Lắk
Lam Dong,Province,Highlands,2015,94819,2958,32.1,5.72,31.4,25.0,43.6,118.4,64.49,2.63,1,Lâm Đồng
Lam Dong,Province,Highlands,2016,103367,2985,34.6,6.64,30.5,26.2,43.4,92.9,65.45,2.82,1,Lâm Đồng
Lam Dong,Province,Highlands,2017,115252,3012,38.3,7.18,30.6,26.1,43.3,276.4,65.54,3.08,1,Lâm Đồng
Lam Dong,Province,Highlands,2018,126983,3039,41.8,5.99,30.0,26.4,43.6,186.9,65.53,3.31,1,Lâm Đồng
Lam Dong,Province,Highlands,2019,143213,3066,46.7,7.69,30.0,26.6,43.4,279.1,65.55,3.59,1,Lâm Đồng
Lam Dong,Province,Highlands,2020,151325,3094,48.9,2.49,29.4,26.0,44.6,157.3,65.83,3.72,1,Lâm Đồng
Lam Dong,Province,Highlands,2021,163957,3122,52.5,3.72,28.9,28.0,43.1,206.1,66.98,3.78,1,Lâm Đồng
Lam Dong,Province,Highlands,2022,187779,3150,59.6,8.33,29.4,27.4,43.2,143.5,66.19,4.12,1,Lâm Đồng
Lam Dong,Province,Highlands,2023,205725,3178,64.7,5.06,28.2,27.4,44.4,255.4,66.92,4.48,1,Lâm Đồng
Lam Dong,Province,Highlands,2024,230000,3207,71.7,7.5,28.4,28.1,43.5,226.7,65.6,4.8,1,Lâm Đồng
Lam Dong,Province,Highlands,2025,261810,3236,80.9,8.54,27.8,29.4,42.9,168.8,65.27,5.07,1,Lâm Đồng
Tay Ninh,Province,South,2015,121290,2814,43.1,7.94,15.3,42.8,41.9,1809.3,65.65,3.19,1,Tây Ninh
Tay Ninh,Province,South,2016,134829,2837,47.5,7.84,14.9,44.0,41.1,441.6,65.0,3.43,1,Tây Ninh
Tay Ninh,Province,South,2017,153002,2860,53.5,8.66,14.5,43.1,42.4,1338.5,65.74,3.67,1,Tây Ninh
Tay Ninh,Province,South,2018,172259,2882,59.8,8.41,14.3,45.2,40.5,2504.5,65.28,3.99,1,Tây Ninh
Tay Ninh,Province,South,2019,196991,2906,67.8,9.06,13.8,44.6,41.6,1996.9,64.27,4.31,1,Tây Ninh
Tay Ninh,Province,South,2020,212108,2929,72.4,5.03,13.4,45.0,41.6,1265.6,65.62,4.41,1,Tây Ninh
Tay Ninh,Province,South,2021,230571,2952,78.1,4.97,13.0,46.0,41.0,1520.6,67.43,4.43,1,Tây Ninh
Tay Ninh,Province,South,2022,266279,2976,89.5,9.53,12.6,47.2,40.2,1232.1,67.33,4.81,1,Tây Ninh
Tay Ninh,Province,South,2023,299929,3000,100.0,7.91,12.2,47.6,40.1,3181.4,68.08,5.13,1,Tây Ninh
Tay Ninh,Province,South,2024,340000,3024,112.4,9.0,12.5,48.5,38.9,1284.4,67.02,5.6,1,Tây Ninh
Tay Ninh,Province,South,2025,394786,3048,129.5,10.32,11.6,48.6,39.8,1585.0,65.32,5.99,1,Tây Ninh
Vinh Long,Province,South,2015,93074,3665,25.4,6.66,31.1,21.9,47.0,367.4,63.24,2.77,1,Vĩnh Long
Vinh Long,Province,South,2016,101301,3665,27.6,6.16,30.4,23.0,46.5,320.4,66.5,2.97,1,Vĩnh Long
Vinh Long,Province,South,2017,111751,3665,30.5,5.93,30.6,23.3,46.1,67.2,65.36,3.19,1,Vĩnh Long
Vinh Long,Province,South,2018,125494,3665,34.2,7.11,30.0,23.3,46.7,419.5,67.35,3.43,1,Vĩnh Long
Vinh Long,Province,South,2019,142423,3665,38.9,8.43,29.7,23.7,46.6,115.6,65.95,3.72,1,Vĩnh Long
Vinh Long,Province,South,2020,150351,3665,41.0,3.14,29.1,23.5,47.5,408.9,67.69,3.85,1,Vĩnh Long
Vinh Long,Province,South,2021,160317,3665,43.7,1.6,28.1,24.2,47.7,130.1,68.96,3.92,1,Vĩnh Long
Vinh Long,Province,South,2022,181185,3665,49.4,7.25,28.1,24.2,47.7,661.0,66.82,4.23,1,Vĩnh Long
Vinh Long,Province,South,2023,197699,3665,53.9,4.97,28.4,25.1,46.4,506.9,67.34,4.54,1,Vĩnh Long
Vinh Long,Province,South,2024,220000,3665,60.0,7.0,28.7,25.3,46.0,752.1,65.1,4.9,1,Vĩnh Long
Vinh Long,Province,South,2025,246178,3665,67.2,7.27,28.0,25.5,46.5,936.3,66.59,5.29,1,Vĩnh Long
Dong Thap,Province,South,2015,100037,3905,25.6,7.92,28.3,24.3,47.3,55.4,66.86,2.66,1,Đồng Tháp
Dong Thap,Province,South,2016,111206,3908,28.5,8.4,28.1,25.7,46.2,131.0,63.34,2.87,1,Đồng Tháp
Dong Thap,Province,South,2017,123352,3912,31.5,6.84,27.4,26.0,46.6,178.7,65.4,3.13,1,Đồng Tháp
Dong Thap,Province,South,2018,137423,3916,35.1,7.16,27.4,27.3,45.3,506.8,66.41,3.42,1,Đồng Tháp
Dong Thap,Province,South,2019,151079,3920,38.5,5.47,26.7,27.1,46.2,87.4,65.27,3.72,1,Đồng Tháp
Dong Thap,Province,South,2020,160685,3924,40.9,3.56,26.1,26.6,47.3,215.9,64.77,3.9,1,Đồng Tháp
Dong Thap,Province,South,2021,174404,3928,44.4,4.35,26.3,27.7,46.0,354.8,66.45,3.95,1,Đồng Tháp
Dong Thap,Province,South,2022,202366,3932,51.5,9.3,25.8,27.4,46.9,132.6,63.18,4.3,1,Đồng Tháp
Dong Thap,Province,South,2023,223614,3936,56.8,6.08,25.4,27.8,46.8,681.7,67.79,4.66,1,Đồng Tháp
Dong Thap,Province,South,2024,250000,3940,63.5,7.5,24.7,28.6,46.7,291.4,66.58,5.0,1,Đồng Tháp
Dong Thap,Province,South,2025,285790,3944,72.5,9.36,25.1,29.3,45.6,763.4,65.63,5.35,1,Đồng Tháp
An Giang,Province,South,2015,121043,4490,27.0,5.98,30.3,19.9,49.7,107.1,65.28,2.86,1,An Giang
An Giang,Province,South,2016,131136,4490,29.2,5.33,29.6,20.5,49.9,89.2,62.22,3.05,1,An Giang
An Giang,Province,South,2017,146746,4490,32.7,6.62,29.3,20.7,49.9,38.5,63.66,3.27,1,An Giang
An Giang,Province,South,2018,161411,4490,36.0,6.75,29.6,20.4,50.0,64.8,62.67,3.54,1,An Giang
An Giang,Province,South,2019,180182,4490,40.1,7.25,29.2,21.4,49.4,127.9,63.74,3.87,1,An Giang
An Giang,Province,South,2020,190743,4490,42.5,2.83,27.7,20.9,51.4,52.4,64.26,3.93,1,An Giang
An Giang,Province,South,2021,203878,4490,45.4,2.31,27.9,22.0,50.1,170.0,66.06,4.0,1,An Giang
An Giang,Province,South,2022,230189,4490,51.3,6.83,27.5,22.4,50.0,178.2,66.99,4.29,1,An Giang
An Giang,Province,South,2023,251618,4490,56.0,5.48,27.7,21.2,51.2,119.4,65.02,4.63,1,An Giang
An Giang,Province,South,2024,280000,4490,62.4,7.0,26.7,21.9,51.4,133.1,65.33,5.0,1,An Giang
An Giang,Province,South,2025,313619,4490,69.9,6.77,26.6,22.6,50.8,271.2,65.79,5.34,1,An Giang
Ca Mau,Province,South,2015,66186,2340,28.3,5.42,33.3,21.3,45.3,24.4,63.14,2.7,1,Cà Mau
Ca Mau,Province,South,2016,73477,2344,31.3,6.17,32.9,20.6,46.5,71.1,62.86,2.88,1,Cà Mau
Ca Mau,Province,South,2017,80739,2349,34.4,5.94,32.2,22.3,45.5,54.7,63.26,3.11,1,Cà Mau
Ca Mau,Province,South,2018,90736,2354,38.5,7.04,32.1,21.8,46.2,57.6,64.42,3.41,1,Cà Mau
Ca Mau,Province,South,2019,100299,2359,42.5,6.03,31.7,22.6,45.7,97.9,62.66,3.75,1,Cà Mau
Ca Mau,Province,South,2020,105564,2363,44.7,2.68,31.2,22.0,46.8,92.4,66.25,3.85,1,Cà Mau
Ca Mau,Province,South,2021,111725,2368,47.2,1.71,30.4,22.4,47.3,34.5,65.18,3.87,1,Cà Mau
Ca Mau,Province,South,2022,127579,2373,53.8,8.1,30.8,22.8,46.4,98.9,64.38,4.2,1,Cà Mau
Ca Mau,Province,South,2023,135428,2377,57.0,3.21,30.6,23.3,46.1,164.5,64.33,4.49,1,Cà Mau
Ca Mau,Province,South,2024,150000,2382,63.0,6.5,29.9,23.4,46.7,50.2,66.05,4.8,1,Cà Mau
Ca Mau,Province,South,2025,165709,2387,69.4,6.52,29.9,23.3,46.8,84.0,63.4,5.12,1,Cà Mau
